PRN,SVN,blockName,LM_File,ACE_File
1,63,IIF,,SVN63_ACE
2,61,IIR,SVN61_LM,SVN61_ACE
3,69,IIF,,SVN69_ACE
4,74,III,,Block-IIF_ACE
5,50,IIR-M,SVN50_LM,SVN50_ACE
6,67,IIF,,SVN67_ACE
7,48,IIR-M,SVN48_LM,SVN48_ACE
8,72,IIF,,SVN72_ACE
9,68,IIF,,SVN68_ACE
10,73,IIF,,SVN73_ACE
11,46,IIR,SVN46_LM,SVN46_ACE
12,58,IIR-M,SVN58_LM,SVN58_ACE
13,43,IIR,SVN43_LM,SVN43_ACE
14,77,III,,Block-IIF_ACE
15,55,IIR-M,SVN55_LM,SVN55_ACE
16,56,IIR,SVN56_LM,SVN56_ACE
17,53,IIR-M,SVN53_LM,SVN53_ACE
18,75,III,,Block-IIF_ACE
19,59,IIR,SVN59_LM,SVN59_ACE
20,51,IIR,SVN51_LM,SVN51_ACE
21,45,IIR,SVN45_LM,SVN45_ACE
22,47,IIR,SVN47_LM,SVN47_ACE
23,76,III,,Block-IIF_ACE
24,65,IIF,,SVN65_ACE
25,62,IIF,,SVN62_ACE
26,71,IIF,,SVN71_ACE
27,66,IIF,,SVN66_ACE
28,44,IIR,SVN44_LM,SVN44_ACE
29,57,IIR-M,SVN57_LM,SVN57_ACE
30,64,IIF,,SVN64_ACE
31,52,IIR-M,SVN52_LM,SVN52_ACE
32,70,IIF,,SVN70_ACE
